time,value
1.04296875,0
1.75390625
2.46484375,182
3.1953125,187
3.92578125,187
4.69921875,198
5.48046875,200
